name,price,category,image,rating
Portable Charger,5994.01,Electronics,https://via.placeholder.com/250x180?text=Charger,4
Bluetooth Speaker,4001.44,Electronics,https://via.placeholder.com/250x180?text=Speaker,5
Wireless Earbuds,1687.32,Electronics,https://via.placeholder.com/250x180?text=Earbuds,4
Cotton Saree,999.99,Cotton,https://via.placeholder.com/250x180?text=Cotton+Saree,3
Silk Saree,2499.0,Silk,https://via.placeholder.com/250x180?text=Silk+Saree,5
Book - Python,499.0,Books,https://via.placeholder.com/250x180?text=Python+Book,4
